{"cameraMode":{"drawMode":0,"name":"Shaded","section":"Shading Mode"},"sceneLighting":false,"audioPlay":false,"sceneViewState":{"showFog":true,"showMaterialUpdate":false,"showSkybox":false,"showFlares":true,"showImageEffects":true,"showParticleSystems":true},"in2DMode":false,"pivot":{"x":0.3176764249801636,"y":1.9294081926345826,"z":0.11379426717758179},"rotation":{"x":0.5187534689903259,"y":0.0038471268489956857,"z":-0.002334409626200795,"w":0.8549126982688904},"size":1.3393304347991944,"orthographic":false}