{"cameraMode":{"drawMode":0,"name":"Shaded","section":"Shading Mode"},"sceneLighting":false,"audioPlay":false,"sceneViewState":{"showFog":true,"showMaterialUpdate":false,"showSkybox":false,"showFlares":true,"showImageEffects":true,"showParticleSystems":true},"in2DMode":false,"pivot":{"x":8.978856086730957,"y":-0.09656846523284912,"z":-4.0068769454956059},"rotation":{"x":0.38017770648002627,"y":0.036057598888874057,"z":-0.014835119247436524,"w":0.9240943789482117},"size":1.478090524673462,"orthographic":false}