{"cameraMode":{"drawMode":0,"name":"Shaded","section":"Shading Mode"},"sceneLighting":false,"audioPlay":false,"sceneViewState":{"showFog":true,"showMaterialUpdate":false,"showSkybox":false,"showFlares":true,"showImageEffects":true,"showParticleSystems":true},"in2DMode":false,"pivot":{"x":3.5923514366149904,"y":0.3960987329483032,"z":-0.4051763117313385},"rotation":{"x":0.2254156917333603,"y":0.6622740030288696,"z":-0.21954241394996644,"w":0.679989755153656},"size":0.7037917971611023,"orthographic":false}