{"cameraMode":{"drawMode":0,"name":"Shaded","section":"Shading Mode"},"sceneLighting":false,"audioPlay":false,"sceneViewState":{"showFog":true,"showMaterialUpdate":false,"showSkybox":false,"showFlares":true,"showImageEffects":true,"showParticleSystems":true},"in2DMode":false,"pivot":{"x":4.077470779418945,"y":1.5130279064178467,"z":-1.7150685787200928},"rotation":{"x":0.2600046992301941,"y":0.12987491488456727,"z":-0.03531523421406746,"w":0.9561815857887268},"size":1.0233407020568848,"orthographic":false}