{"cameraMode":{"drawMode":0,"name":"Shaded","section":"Shading Mode"},"sceneLighting":false,"audioPlay":false,"sceneViewState":{"showFog":true,"showMaterialUpdate":false,"showSkybox":false,"showFlares":true,"showImageEffects":true,"showParticleSystems":true},"in2DMode":false,"pivot":{"x":8.543779373168946,"y":0.47176867723464968,"z":3.63797926902771},"rotation":{"x":-0.20464026927947999,"y":-0.5121678113937378,"z":0.12713415920734406,"w":-0.8244063258171082},"size":4.715423107147217,"orthographic":false}