{"cameraMode":{"drawMode":0,"name":"Shaded","section":"Shading Mode"},"sceneLighting":false,"audioPlay":false,"sceneViewState":{"showFog":true,"showMaterialUpdate":false,"showSkybox":false,"showFlares":true,"showImageEffects":true,"showParticleSystems":true},"in2DMode":false,"pivot":{"x":3.5959999561309816,"y":0.44130000472068789,"z":-0.597000002861023},"rotation":{"x":0.32636621594429018,"y":0.28437846899032595,"z":-0.10364512354135513,"w":0.8954734802246094},"size":0.40379172563552859,"orthographic":false}