{"cameraMode":{"drawMode":0,"name":"Shaded","section":"Shading Mode"},"sceneLighting":false,"audioPlay":false,"sceneViewState":{"showFog":true,"showMaterialUpdate":false,"showSkybox":false,"showFlares":true,"showImageEffects":true,"showParticleSystems":true},"in2DMode":false,"pivot":{"x":5.366713047027588,"y":0.10962355136871338,"z":-1.5546822547912598},"rotation":{"x":-0.21631549298763276,"y":0.7332691550254822,"z":-0.2712511420249939,"w":-0.5847633481025696},"size":0.9270760416984558,"orthographic":false}