{"cameraMode":{"drawMode":0,"name":"Shaded","section":"Shading Mode"},"sceneLighting":false,"audioPlay":false,"sceneViewState":{"showFog":true,"showMaterialUpdate":false,"showSkybox":false,"showFlares":true,"showImageEffects":true,"showParticleSystems":true},"in2DMode":false,"pivot":{"x":3.9528331756591799,"y":2.5307328701019289,"z":-3.0613770484924318},"rotation":{"x":-0.07054050266742706,"y":0.07682778686285019,"z":-0.005449221935123205,"w":-0.9945322871208191},"size":3.366295099258423,"orthographic":false}