{"cameraMode":{"drawMode":0,"name":"Shaded","section":"Shading Mode"},"sceneLighting":false,"audioPlay":false,"sceneViewState":{"showFog":true,"showMaterialUpdate":false,"showSkybox":false,"showFlares":true,"showImageEffects":true,"showParticleSystems":true},"in2DMode":false,"pivot":{"x":8.109999656677246,"y":1.892101526260376,"z":3.3761801719665529},"rotation":{"x":-0.1274619996547699,"y":0.0005922055570408702,"z":-0.0000761508199502714,"w":-0.9918436408042908},"size":4.157609939575195,"orthographic":false}