{"cameraMode":{"drawMode":0,"name":"Shaded","section":"Shading Mode"},"sceneLighting":false,"audioPlay":false,"sceneViewState":{"showFog":true,"showMaterialUpdate":false,"showSkybox":false,"showFlares":true,"showImageEffects":true,"showParticleSystems":true},"in2DMode":false,"pivot":{"x":3.72898006439209,"y":0.5179900527000427,"z":-0.41742968559265139},"rotation":{"x":0.09739585965871811,"y":0.7957563400268555,"z":-0.13299287855625153,"w":0.5827557444572449},"size":0.8143205046653748,"orthographic":false}